{
    "False": {
        "precision": 0.9998426058475675,
        "recall": 0.9998875705494802,
        "f1-score": 0.9998650876929995,
        "support": 133417.0
    },
    "True": {
        "precision": 0.7540983606557377,
        "recall": 0.6865671641791045,
        "f1-score": 0.71875,
        "support": 67.0
    },
    "accuracy": 0.9997303047556262,
    "macro avg": {
        "precision": 0.8769704832516525,
        "recall": 0.8432273673642923,
        "f1-score": 0.8593075438464998,
        "support": 133484.0
    },
    "weighted avg": {
        "precision": 0.9997192587465826,
        "recall": 0.9997303047556262,
        "f1-score": 0.9997239868054368,
        "support": 133484.0
    }
}